sql> select count(*) from `movie-actor` where actorid=1575755;
+----------+
| count(*) |
+----------+
|        2 |
+----------+
1 row in set (0.03 sec)

mysql> select * from `movie-actor` where actorid=1575755;
+---------+---------+------------------+-------------------------+
| movieid | actorid | actor_movie_rank | actor_movie_rank_weight |
+---------+---------+------------------+-------------------------+
| 5572    | 1575755 | 1                | 1                       |
| 7920    | 1575755 | 53               | 0.59452                 |
+---------+---------+------------------+-------------------------+
2 rows in set (0.03 sec)




mysql> select * from `genome-tags` where tag='war';
+-------+-----+-----------+-----------------------+-----------+----------------+---------------+------------+-------------+
| tagID | tag | tag_count | total_timeweighted_tf | avg_tw_tf | classic_raw_tf | classic_tw_tf | raw_actors | rank_wt_sum |
+-------+-----+-----------+-----------------------+-----------+----------------+---------------+------------+-------------+
| 1096  | war | 21        | 9.29229               | 0.44249   | 0.00821        | 0.00706       | 970        | 760.19373   |
+-------+-----+-----------+-----------------------+-----------+----------------+---------------+------------+-------------+
1 row in set (0.01 sec)

mysql> select * from mltags where tagid = 1096 && userid;   
;;
^C
mysql> select * from mltags limit 1;
+--------+---------+-------+---------------------+----------------+
| userid | movieid | tagid | timestamp           | newness_weight |
+--------+---------+-------+---------------------+----------------+
| 20     | 7309    | 1009  | 2007-08-27 18:16:41 | 0.60896        |
+--------+---------+-------+---------------------+----------------+
1 row in set (0.00 sec)

mysql> select * from mltags where tagid = 1096;
+--------+---------+-------+---------------------+----------------+
| userid | movieid | tagid | timestamp           | newness_weight |
+--------+---------+-------+---------------------+----------------+
| 11824  | 4132    | 1096  | 2007-10-16 19:09:06 | 0.64018        |
| 14498  | 4917    | 1096  | 2008-08-29 05:21:18 | 0.87897        |
| 14653  | 8274    | 1096  | 2007-01-25 13:27:13 | 0.49164        |
| 17647  | 4917    | 1096  | 2006-02-16 20:37:10 | 0.34889        |
| 17647  | 7049    | 1096  | 2006-02-16 21:17:15 | 0.34889        |
| 19460  | 4917    | 1096  | 2006-10-12 14:05:47 | 0.44264        |
| 24132  | 6456    | 1096  | 2006-03-11 22:17:12 | 0.35701        |
| 32861  | 6428    | 1096  | 2007-03-20 10:15:01 | 0.51892        |
| 32861  | 6775    | 1096  | 2007-03-20 08:42:37 | 0.51892        |
| 48717  | 4917    | 1096  | 2006-09-18 14:13:54 | 0.43214        |
| 51954  | 6834    | 1096  | 2006-01-15 01:59:13 | 0.33756        |
| 52806  | 4917    | 1096  | 2006-07-28 16:15:35 | 0.41025        |
| 56345  | 8777    | 1096  | 2007-08-07 22:22:29 | 0.5969         |
| 60713  | 4874    | 1096  | 2006-01-15 10:12:16 | 0.3379         |
| 60713  | 5572    | 1096  | 2006-01-15 10:02:28 | 0.3379         |
| 60713  | 5720    | 1096  | 2006-01-15 09:57:59 | 0.3379         |
| 60713  | 7920    | 1096  | 2006-01-15 09:55:20 | 0.3379         |
| 60713  | 8777    | 1096  | 2006-01-15 09:55:15 | 0.3379         |
| 65869  | 6834    | 1096  | 2006-02-19 20:35:55 | 0.34994        |
| 68986  | 4917    | 1096  | 2006-12-22 02:47:41 | 0.47473        |
| 71149  | 6114    | 1096  | 2006-11-09 08:51:08 | 0.45521        |
+--------+---------+-------+---------------------+----------------+
21 rows in set (0.00 sec)

mysql> mysql> select `genome-tags` where tag='entertaining';
+-------+--------------+-----------+-----------------------+-----------+----------------+---------------+------------+-------------+
| tagID | tag          | tag_count | total_timeweighted_tf | avg_tw_tf | classic_raw_tf | classic_tw_tf | raw_actors | rank_wt_sum |
+-------+--------------+-----------+-----------------------+-----------+----------------+---------------+------------+-------------+
| 355   | entertaining | 1         | 0.60532               | 0.60532   | 0.00039        | 0.00046       | 74         | 52.55049    |
+-------+--------------+-----------+-----------------------+-----------+----------------+---------------+------------+-------------+
1 row in set (0.01 sec)

mysql> select * from mltags where tagid = 355;
+--------+---------+-------+---------------------+----------------+
| userid | movieid | tagid | timestamp           | newness_weight |
+--------+---------+-------+---------------------+----------------+
| 70421  | 7920    | 355   | 2007-08-21 17:46:34 | 0.60532        |
+--------+---------+-------+---------------------+----------------+
1 row in set (0.01 sec)

mysql> select * from `genome-tags` where tag='golden palm';
+-------+-------------+-----------+-----------------------+-----------+----------------+---------------+------------+-------------+
| tagID | tag         | tag_count | total_timeweighted_tf | avg_tw_tf | classic_raw_tf | classic_tw_tf | raw_actors | rank_wt_sum |
+-------+-------------+-----------+-----------------------+-----------+----------------+---------------+------------+-------------+
| 443   | golden palm | 1         | 0.70822               | 0.70822   | 0.00039        | 0.00054       | 74         | 52.55049    |
+-------+-------------+-----------+-----------------------+-----------+----------------+---------------+------------+-------------+
1 row in set (0.00 sec)

mysql> select * from mltags where tagid = 443;
+--------+---------+-------+---------------------+----------------+
| userid | movieid | tagid | timestamp           | newness_weight |
+--------+---------+-------+---------------------+----------------+
| 62452  | 7920    | 443   | 2008-01-26 06:18:54 | 0.70822        |
+--------+---------+-------+---------------------+----------------+
1 row in set (0.01 sec)

